# Netlify Redirects File - Clean URLs for VersaKit
# Place this file in your project root directory

# ============================================
# CLEAN URL REWRITES (200 = proxy/rewrite)
# ============================================

# Main pages
/about                  /about/about.html                                           200
/contact                /contact/contact.html                                       200
/all-tools              /all_tools/all_tools.html                                   200
/policy                 /policy/policy.html                                         200

# Calculators
/calculators/age                    /calculators/age_calculators/age_calculators.html       200
/calculators/bmi                    /calculators/BMI_calculators/BMI_calculators.html       200
/calculators/compound-interest      /calculators/comp_interest/comp_interest.html           200
/calculators/emi                    /calculators/EMI_calculator/EMI_calculator.html         200
/calculators/mortgage               /calculators/mortgage_calculator/mortgage_calculator.html 200
/calculators/retirement             /calculators/retirement_calculator/retirement_calculator.html 200
/calculators/roi                    /calculators/ROI_calculator/ROI_calculator.html         200

# Converters
/converters/angle           /converters/angle_converter/angle_converter.html        200
/converters/area            /converters/area_converter/area_converter.html          200
/converters/currency        /converters/currency_converter/currency_converter.html  200
/converters/density         /converters/density_converter/density_converter.html    200
/converters/energy          /converters/energy_converter/energy_converter.html      200
/converters/file            /converters/file_converter/file_converter.html          200
/converters/force           /converters/force_converter/force_converter.html        200
/converters/length          /converters/length_converter/length_converter.html      200
/converters/morse-code      /converters/morse_code_converter/morse_code_converter.html 200
/converters/power           /converters/power_converter/power_converter.html        200
/converters/pressure        /converters/pressure_converter/pressure_converter.html  200
/converters/speed           /converters/speed_converter/speed_converter.html        200
/converters/temperature     /converters/temperature_converter/temperature_converter.html 200
/converters/viscosity       /converters/viscosity_converter/viscosity_converter.html 200
/converters/volume          /converters/volume_converter/volume_converter.html      200
/converters/weight          /converters/weight_converter/weight_converter.html      200

# Generators
/generators/barcode         /generators/bar_code_generator/bar_code_generator.html  200
/generators/group           /generators/group_generator/group_generator.html        200
/generators/mock-data       /generators/mock_data_generator/mock_data_generator.html 200
/generators/password        /generators/password_generator/password_generator.html  200
/generators/qr-code         /generators/QRcode_generator/QRcode_generator.html      200

# Others
/others/coin-flip           /others/coin_flip/coin_flip.html                        200
/others/counter             /others/counter/counter.html                            200
/others/dice-roll           /others/dice_roll/dice_roll.html                        200
/others/wheel-spinner       /others/wheel_spinner/wheel_spinner.html                200

# ============================================
# PERMANENT REDIRECTS (301 = SEO redirect)
# Old URLs redirect to new clean URLs
# ============================================

# Main pages - old to new
/about/about.html                   /about                          301
/contact/contact.html               /contact                        301
/all_tools/all_tools.html           /all-tools                      301
/policy/policy.html                 /policy                         301

# Calculators - old to new
/calculators/age_calculators/age_calculators.html                  /calculators/age                301
/calculators/BMI_calculators/BMI_calculators.html                  /calculators/bmi                301
/calculators/comp_interest/comp_interest.html                      /calculators/compound-interest  301
/calculators/EMI_calculator/EMI_calculator.html                    /calculators/emi                301
/calculators/mortgage_calculator/mortgage_calculator.html          /calculators/mortgage           301
/calculators/retirement_calculator/retirement_calculator.html      /calculators/retirement         301
/calculators/ROI_calculator/ROI_calculator.html                    /calculators/roi                301

# Converters - old to new
/converters/angle_converter/angle_converter.html                   /converters/angle               301
/converters/area_converter/area_converter.html                     /converters/area                301
/converters/currency_converter/currency_converter.html             /converters/currency            301
/converters/density_converter/density_converter.html               /converters/density             301
/converters/energy_converter/energy_converter.html                 /converters/energy              301
/converters/file_converter/file_converter.html                     /converters/file                301
/converters/force_converter/force_converter.html                   /converters/force               301
/converters/length_converter/length_converter.html                 /converters/length              301
/converters/morse_code_converter/morse_code_converter.html         /converters/morse-code          301
/converters/power_converter/power_converter.html                   /converters/power               301
/converters/pressure_converter/pressure_converter.html             /converters/pressure            301
/converters/speed_converter/speed_converter.html                   /converters/speed               301
/converters/temperature_converter/temperature_converter.html       /converters/temperature         301
/converters/viscosity_converter/viscosity_converter.html           /converters/viscosity           301
/converters/volume_converter/volume_converter.html                 /converters/volume              301
/converters/weight_converter/weight_converter.html                 /converters/weight              301

# Generators - old to new
/generators/bar_code_generator/bar_code_generator.html             /generators/barcode             301
/generators/group_generator/group_generator.html                   /generators/group               301
/generators/mock_data_generator/mock_data_generator.html           /generators/mock-data           301
/generators/password_generator/password_generator.html             /generators/password            301
/generators/QRcode_generator/QRcode_generator.html                 /generators/qr-code             301

# Others - old to new
/others/coin_flip/coin_flip.html                                   /others/coin-flip               301
/others/counter/counter.html                                       /others/counter                 301
/others/dice_roll/dice_roll.html                                   /others/dice-roll               301
/others/wheel_spinner/wheel_spinner.html                           /others/wheel-spinner           301